{
  "Size": 1,
  "A1": [
    1,
    0,
    0
  ],
  "A2": [
    0.5,
    0.8660254038,
    0
  ],
  "A3": [
    0,
    0,
    2
  ],
  "BasisAtoms": [
    {
      "RelativePos": [
        0,
        0,
        0
      ],
      "Colour": [
        1,
        0,
        0
      ]
    },
    {
      "RelativePos": [
        0.5,
        0.2886751346,
        0
      ],
      "Colour": [
        0,
        1,
        1
      ]
    }
  ]
}